[
    {
        "key": "group_6347f1c015e42",
        "title": "Publicatie",
        "fields": [
            {
                "key": "field_6347f2b324af5",
                "label": "Titel",
                "name": "publication_title",
                "type": "text",
                "instructions": "Verplicht: vul hier de titel van de publicatie.",
                "required": 1,
                "conditional_logic": 0,
                "wrapper": {
                    "width": "",
                    "class": "",
                    "id": ""
                },
                "default_value": "",
                "maxlength": "",
                "placeholder": "",
                "prepend": "",
                "append": ""
            },
            {
                "key": "field_6347f7be62306",
                "label": "Publicatie",
                "name": "publication_content",
                "type": "wysiwyg",
                "instructions": "Verplicht: vul hier de inhoud van de publicatie.",
                "required": 1,
                "conditional_logic": 0,
                "wrapper": {
                    "width": "",
                    "class": "",
                    "id": ""
                },
                "default_value": "",
                "delay": 0,
                "tabs": "visual",
                "toolbar": "basic",
                "media_upload": 0
            },
            {
                "key": "field_6347f1c060aee",
                "label": "Publicatietype",
                "name": "publication_type",
                "type": "taxonomy",
                "instructions": "Verplicht: selecteer hier een publicatietype.",
                "required": 1,
                "conditional_logic": 0,
                "wrapper": {
                    "width": "",
                    "class": "",
                    "id": ""
                },
                "taxonomy": "openpub_type",
                "add_term": 0,
                "save_terms": 0,
                "load_terms": 0,
                "return_format": "id",
                "field_type": "radio",
                "allow_null": 0,
                "multiple": 0
            },
            {
                "key": "field_6347f2cb24af6",
                "label": "Skills",
                "name": "publication_skill",
                "type": "taxonomy",
                "instructions": "Optioneel: selecteer hier één of meerdere skills.",
                "required": 0,
                "conditional_logic": 0,
                "wrapper": {
                    "width": "",
                    "class": "",
                    "id": ""
                },
                "taxonomy": "openpub_skill",
                "add_term": 0,
                "save_terms": 0,
                "load_terms": 0,
                "return_format": "id",
                "field_type": "multi_select",
                "allow_null": 0,
                "multiple": 0
            },
            {
                "key": "field_6347fbe3f141f",
                "label": "Startdatum",
                "name": "publication_start_date",
                "type": "date_time_picker",
                "instructions": "Optioneel: selecteer hier de startdatum (en tijd) van de publicatie.",
                "required": 0,
                "conditional_logic": 0,
                "wrapper": {
                    "width": "",
                    "class": "",
                    "id": ""
                },
                "display_format": "Y-m-d H:i:s",
                "return_format": "d/m/Y g:i a",
                "first_day": 1
            },
            {
                "key": "field_6347fb59f141e",
                "label": "Einddatum",
                "name": "publication_end_date",
                "type": "date_time_picker",
                "instructions": "Optioneel: selecteer hier de einddatum (en tijd) van de publicatie.",
                "required": 0,
                "conditional_logic": 0,
                "wrapper": {
                    "width": "",
                    "class": "",
                    "id": ""
                },
                "display_format": "Y-m-d H:i:s",
                "return_format": "d/m/Y g:i a",
                "first_day": 1
            },
            {
                "key": "field_6347fcca8aa00",
                "label": "Belangrijke publicatie",
                "name": "publication_featured",
                "type": "true_false",
                "instructions": "Optioneel: markeer de publicatie als belangrijk, waardoor deze beter zichtbaar wordt.",
                "required": 0,
                "conditional_logic": 0,
                "wrapper": {
                    "width": "",
                    "class": "",
                    "id": ""
                },
                "message": "",
                "default_value": 0,
                "ui_on_text": "Belangrijk",
                "ui_off_text": "Normaal",
                "ui": 1
            }
        ],
        "location": [
            [
                {
                    "param": "post_type",
                    "operator": "==",
                    "value": "kiss_openpub_pub"
                }
            ]
        ],
        "menu_order": 0,
        "position": "normal",
        "style": "default",
        "label_placement": "top",
        "instruction_placement": "label",
        "hide_on_screen": [
            "permalink",
            "the_content",
            "excerpt",
            "discussion",
            "comments",
            "revisions",
            "slug",
            "author",
            "format",
            "page_attributes",
            "featured_image",
            "categories",
            "tags",
            "send-trackbacks"
        ],
        "active": true,
        "description": "",
        "show_in_rest": 0
    }
]
